From,To,Sent At,Message,Direction,inviterProfileUrl,inviteeProfileUrl
Guillaume Chambert,Cédric Meunier,"9/1/26, 7:47 AM",,INCOMING,https://www.linkedin.com/in/guillaume-chambert-55625338,https://www.linkedin.com/in/cédric-meunier-281903153
Nicolas Torres,Cédric Meunier,"8/9/26, 2:53 AM",,INCOMING,https://www.linkedin.com/in/nicolas-torres-6919a51b8,https://www.linkedin.com/in/cédric-meunier-281903153
Aziz Qezziou,Cédric Meunier,"7/30/26, 3:10 AM",,INCOMING,https://www.linkedin.com/in/aziz-qezziou-33a680313,https://www.linkedin.com/in/cédric-meunier-281903153
Marine GUERINEAU,Cédric Meunier,"5/19/26, 4:07 AM",,INCOMING,https://www.linkedin.com/in/marine-guerineau,https://www.linkedin.com/in/cédric-meunier-281903153
Aurélien Terrassin,Cédric Meunier,"2/3/26, 1:57 AM",,INCOMING,https://www.linkedin.com/in/aurélien-terrassin-47940894,https://www.linkedin.com/in/cédric-meunier-281903153
Jean-Marc Vaimbois,Cédric Meunier,"12/5/25, 1:30 AM",,INCOMING,https://www.linkedin.com/in/jean-marc-vaimbois-631843203,https://www.linkedin.com/in/cédric-meunier-281903153
Lina T.,Cédric Meunier,"11/5/25, 1:03 AM",,INCOMING,https://www.linkedin.com/in/synorys1,https://www.linkedin.com/in/cédric-meunier-281903153
Christophe  DELTHEIL,Cédric Meunier,"10/29/25, 11:57 AM",,INCOMING,https://www.linkedin.com/in/chrisdeltheil,https://www.linkedin.com/in/cédric-meunier-281903153
Patrick MAZAUDIER,Cédric Meunier,"10/28/25, 1:54 AM",,INCOMING,https://www.linkedin.com/in/patrick-mazaudier-b76b76330,https://www.linkedin.com/in/cédric-meunier-281903153
